{
  "0.0": {
    "power_raw": 4.3,
    "power_modelA": 4.05,
    "med_p_raw": 0.48568677953967054,
    "med_p_modelA": 0.4690039600125,
    "mean_n_detected": 12.142,
    "n_valid_trials": 2000
  },
  "0.3": {
    "power_raw": 8.15,
    "power_modelA": 7.55,
    "med_p_raw": 0.393177110826538,
    "med_p_modelA": 0.39181993001271226,
    "mean_n_detected": 12.2005,
    "n_valid_trials": 2000
  },
  "0.5": {
    "power_raw": 14.649999999999999,
    "power_modelA": 12.55,
    "med_p_raw": 0.2658139468289097,
    "med_p_modelA": 0.2895600140396452,
    "mean_n_detected": 12.3005,
    "n_valid_trials": 2000
  },
  "0.7": {
    "power_raw": 27.650000000000002,
    "power_modelA": 24.8,
    "med_p_raw": 0.15628284087947975,
    "med_p_modelA": 0.17613737294224846,
    "mean_n_detected": 12.27,
    "n_valid_trials": 2000
  },
  "1.0": {
    "power_raw": 50.449999999999996,
    "power_modelA": 45.85,
    "med_p_raw": 0.0487756691610593,
    "med_p_modelA": 0.05957323538881176,
    "mean_n_detected": 12.3085,
    "n_valid_trials": 2000
  },
  "1.17": {
    "power_raw": 60.099999999999994,
    "power_modelA": 56.05,
    "med_p_raw": 0.02825796795418678,
    "med_p_modelA": 0.036717658507930906,
    "mean_n_detected": 12.1435,
    "n_valid_trials": 2000
  },
  "1.5": {
    "power_raw": 81.3,
    "power_modelA": 78.0,
    "med_p_raw": 0.00707238797971893,
    "med_p_modelA": 0.010936850206338666,
    "mean_n_detected": 12.23,
    "n_valid_trials": 2000
  },
  "2.0": {
    "power_raw": 94.8,
    "power_modelA": 91.95,
    "med_p_raw": 0.001485675899472294,
    "med_p_modelA": 0.0026919020805657445,
    "mean_n_detected": 12.203,
    "n_valid_trials": 2000
  }
}