{
  "N20_S0.0": {
    "N": 20,
    "str": 0.0,
    "nt": 100,
    "mean_spread": 0.5700327983666185,
    "std_spread": 0.22635004338354348,
    "mean_min": 0.16468334983638544,
    "mean_max": 0.7347161482030039,
    "converged_pct": 2.0
  },
  "N20_S0.3": {
    "N": 20,
    "str": 0.3,
    "nt": 100,
    "mean_spread": 0.005188596580915738,
    "std_spread": 0.0019063871195754874,
    "mean_min": 2.4649470142995074e-06,
    "mean_max": 0.005191061527930034,
    "converged_pct": 100.0
  },
  "N20_S0.5": {
    "N": 20,
    "str": 0.5,
    "nt": 100,
    "mean_spread": 0.0049750452900909755,
    "std_spread": 2.8200193658704444e-07,
    "mean_min": 7.908801847675186e-08,
    "mean_max": 0.004975124378109451,
    "converged_pct": 100.0
  },
  "N20_S0.7": {
    "N": 20,
    "str": 0.7,
    "nt": 100,
    "mean_spread": 0.004975120384915514,
    "std_spread": 1.6202545413547733e-08,
    "mean_min": 3.993193938714959e-09,
    "mean_max": 0.004975124378109451,
    "converged_pct": 100.0
  },
  "N50_S0.0": {
    "N": 50,
    "str": 0.0,
    "nt": 100,
    "mean_spread": 0.699048403307892,
    "std_spread": 0.2474276795885035,
    "mean_min": 0.04664191933143165,
    "mean_max": 0.7456903226393236,
    "converged_pct": 1.0
  },
  "N50_S0.3": {
    "N": 50,
    "str": 0.3,
    "nt": 100,
    "mean_spread": 0.004975124378047852,
    "std_spread": 5.134168207854568e-13,
    "mean_min": 6.16009509304826e-14,
    "mean_max": 0.004975124378109451,
    "converged_pct": 100.0
  },
  "N50_S0.5": {
    "N": 50,
    "str": 0.5,
    "nt": 100,
    "mean_spread": 0.004975124378109442,
    "std_spread": 7.796009230042993e-17,
    "mean_min": 8.539398001296071e-18,
    "mean_max": 0.004975124378109451,
    "converged_pct": 100.0
  },
  "N50_S0.7": {
    "N": 50,
    "str": 0.7,
    "nt": 100,
    "mean_spread": 0.004975124378109451,
    "std_spread": 1.7455318265019888e-18,
    "mean_min": 4.5220821662387665e-20,
    "mean_max": 0.004975124378109451,
    "converged_pct": 100.0
  },
  "N100_S0.0": {
    "N": 100,
    "str": 0.0,
    "nt": 100,
    "mean_spread": 0.7063869618127118,
    "std_spread": 0.23066519542991298,
    "mean_min": 0.005990426618940922,
    "mean_max": 0.7123773884316524,
    "converged_pct": 1.0
  },
  "N100_S0.3": {
    "N": 100,
    "str": 0.3,
    "nt": 100,
    "mean_spread": 0.004975124378109451,
    "std_spread": 1.734723475976807e-18,
    "mean_min": 1.5266295173163827e-27,
    "mean_max": 0.004975124378109451,
    "converged_pct": 100.0
  },
  "N100_S0.5": {
    "N": 100,
    "str": 0.5,
    "nt": 100,
    "mean_spread": 0.004975124378109451,
    "std_spread": 1.734723475976807e-18,
    "mean_min": 4.144940818930753e-34,
    "mean_max": 0.004975124378109451,
    "converged_pct": 100.0
  },
  "N100_S0.7": {
    "N": 100,
    "str": 0.7,
    "nt": 100,
    "mean_spread": 0.004975124378109451,
    "std_spread": 1.734723475976807e-18,
    "mean_min": 1.3807390907687482e-42,
    "mean_max": 0.004975124378109451,
    "converged_pct": 100.0
  },
  "N150_S0.0": {
    "N": 150,
    "str": 0.0,
    "nt": 100,
    "mean_spread": 0.7009832210594731,
    "std_spread": 0.250129905278465,
    "mean_min": 0.0011359459755056812,
    "mean_max": 0.702119167034979,
    "converged_pct": 1.0
  },
  "N150_S0.3": {
    "N": 150,
    "str": 0.3,
    "nt": 100,
    "mean_spread": 0.004975124378109451,
    "std_spread": 1.734723475976807e-18,
    "mean_min": 7.825292895605873e-41,
    "mean_max": 0.004975124378109451,
    "converged_pct": 100.0
  },
  "N150_S0.5": {
    "N": 150,
    "str": 0.5,
    "nt": 100,
    "mean_spread": 0.004975124378109451,
    "std_spread": 1.734723475976807e-18,
    "mean_min": 3.8924246387608287e-53,
    "mean_max": 0.004975124378109451,
    "converged_pct": 100.0
  },
  "N150_S0.7": {
    "N": 150,
    "str": 0.7,
    "nt": 100,
    "mean_spread": 0.004975124378109451,
    "std_spread": 1.734723475976807e-18,
    "mean_min": 1.2917687022923852e-61,
    "mean_max": 0.004975124378109451,
    "converged_pct": 100.0
  },
  "N200_S0.0": {
    "N": 200,
    "str": 0.0,
    "nt": 100,
    "mean_spread": 0.6792162793340591,
    "std_spread": 0.2535591801155102,
    "mean_min": 5.387492096023525e-05,
    "mean_max": 0.6792701542550197,
    "converged_pct": 0.0
  },
  "N200_S0.3": {
    "N": 200,
    "str": 0.3,
    "nt": 100,
    "mean_spread": 0.004975124378109451,
    "std_spread": 1.734723475976807e-18,
    "mean_min": 7.424534573055264e-54,
    "mean_max": 0.004975124378109451,
    "converged_pct": 100.0
  },
  "N200_S0.5": {
    "N": 200,
    "str": 0.5,
    "nt": 100,
    "mean_spread": 0.004975124378109451,
    "std_spread": 1.734723475976807e-18,
    "mean_min": 1.4019033329901812e-67,
    "mean_max": 0.004975124378109451,
    "converged_pct": 100.0
  },
  "N200_S0.7": {
    "N": 200,
    "str": 0.7,
    "nt": 100,
    "mean_spread": 0.004975124378109451,
    "std_spread": 1.734723475976807e-18,
    "mean_min": 7.787991874998761e-79,
    "mean_max": 0.004975124378109451,
    "converged_pct": 100.0
  }
}